{"coco/AP": 0.7685242680000144, "coco/AP .5": 1.0, "coco/AP .75": 0.9702970297029703, "coco/AP (M)": -1.0, "coco/AP (L)": 0.7685242680000144, "coco/AR": 0.7857142857142858, "coco/AR .5": 1.0, "coco/AR .75": 0.9761904761904762, "coco/AR (M)": -1.0, "coco/AR (L)": 0.7857142857142858, "PCK": 0.9727891156462585, "AUC": 0.12964852607709754, "NME": 0.04047950865730407, "data_time": 1.0905565023422241, "time": 1.3090273936589558}