{"coco/bbox_mAP": 0.768, "coco/bbox_mAP_50": 0.951, "coco/bbox_mAP_75": 0.95, "coco/bbox_mAP_s": -1.0, "coco/bbox_mAP_m": -1.0, "coco/bbox_mAP_l": 0.768, "data_time": 0.1960359053178267, "time": 0.5248177918520841}